match_id,date,home_team,away_team,home_score,away_score,tournament,home_formation,away_formation,home_avg_age,away_avg_age,home_possession,away_possession,home_shots_total,away_shots_total,home_shots_on_target,away_shots_on_target,home_shots_blocked,away_shots_blocked,home_shot_accuracy,away_shot_accuracy,home_passes_total,away_passes_total,home_pass_accuracy,away_pass_accuracy,home_key_passes,away_key_passes,home_tackles_won,away_tackles_won,home_tackle_success,away_tackle_success,home_interceptions,away_interceptions,home_clearances,away_clearances,home_aerials_won,away_aerials_won,home_attacking_intensity,away_attacking_intensity,home_defensive_intensity,away_defensive_intensity
WC_2026-06-11_MEXICO_SOUTH_AFRICA,2026-06-11,Mexico,South Africa,2,0,FIFA World Cup,4-1-4-1,5-3-2,27.5,26.3,51.8,43.7,16,3,4,2,5,0,25.0,66.7,520,334,89.8,81.4,13,2,12,14,92.3,60.9,8,7,15,17,15,7,29,5,35,38
WC_2026-06-12_SOUTH_KOREA_CZECHIA,2026-06-12,South Korea,Czechia,2,1,FIFA World Cup,3-4-2-1,3-4-2-1,27.5,27.2,49.8,46.6,15,7,6,4,4,0,40.0,57.1,541,327,86.7,70.3,14,3,7,9,63.6,52.9,9,6,32,21,27,16,29,10,48,36
WC_2026-06-12_CANADA_BOSNIA_AND_HERZEGOVINA,2026-06-12,Canada,Bosnia and Herzegovina,1,1,FIFA World Cup,4-4-2,4-4-2,26.5,26,49.9,52.0,13,8,4,3,4,1,30.8,37.5,421,271,73.6,63.5,12,5,23,20,79.3,74.1,4,11,21,70,21,43,25,13,48,101
WC_2026-06-13_USA_PARAGUAY,2026-06-13,USA,Paraguay,4,1,FIFA World Cup,4-2-3-1,4-4-2,26.4,28.5,50.6,55.3,16,9,6,1,4,5,37.5,11.1,598,319,85.1,72.7,12,7,9,21,60.0,48.8,9,10,15,33,18,16,28,16,33,64
WC_2026-06-13_QATAR_SWITZERLAND,2026-06-13,Qatar,Switzerland,1,1,FIFA World Cup,4-3-3,4-3-3,28.9,27.8,62.4,52.1,6,26,3,7,0,9,50.0,26.9,278,576,71.9,91.5,4,24,14,8,66.7,80.0,11,7,31,13,10,10,10,50,56,28
WC_2026-06-13_BRAZIL_MOROCCO,2026-06-13,Brazil,Morocco,1,1,FIFA World Cup,4-2-3-1,4-2-3-1,28.6,26.2,48.7,55.2,12,14,5,3,3,6,41.7,21.4,514,486,87.4,86.2,10,10,23,26,59.0,83.9,5,5,23,17,12,4,22,24,51,48
WC_2026-06-14_HAITI_SCOTLAND,2026-06-14,Haiti,Scotland,0,1,FIFA World Cup,4-4-2,4-4-2,27,28.7,54.8,41.3,15,9,2,2,4,2,13.3,22.2,431,374,85.4,82.1,11,7,12,12,70.6,66.7,6,6,20,17,14,21,26,16,38,35
WC_2026-06-14_AUSTRALIA_TURKIYE,2026-06-14,Australia,Turkiye,2,0,FIFA World Cup,5-4-1,4-2-3-1,26.9,27.2,42.8,50.8,9,30,4,8,1,12,44.4,26.7,271,704,74.2,90.2,8,20,15,12,75.0,60.0,7,4,55,29,15,17,17,50,77,45
WC_2026-06-14_GERMANY_CURACAO,2026-06-14,Germany,Curacao,7,1,FIFA World Cup,4-2-3-1,4-3-1-2,27.7,27.5,46.8,56.1,26,8,12,2,8,0,46.2,25.0,637,343,87.0,82.2,21,6,19,16,61.3,64.0,12,16,8,25,9,5,47,14,39,57
WC_2026-06-14_NETHERLANDS_JAPAN,2026-06-14,Netherlands,Japan,2,2,FIFA World Cup,4-3-3,3-4-2-1,27.4,27,41.8,55.1,10,10,6,3,1,1,60.0,30.0,524,341,88.4,83.9,10,10,11,11,78.6,57.9,7,4,23,32,21,7,20,20,41,47
WC_2026-06-15_IVORY_COAST_ECUADOR,2026-06-15,Ivory Coast,Ecuador,1,0,FIFA World Cup,4-4-2,4-4-2,25.4,25.6,45.9,47.5,15,12,4,1,3,3,26.7,8.3,470,492,84.5,85.2,12,9,14,21,82.4,60.0,11,13,29,18,17,11,27,21,54,52
WC_2026-06-15_SWEDEN_TUNISIA,2026-06-15,Sweden,Tunisia,5,1,FIFA World Cup,3-1-4-2,5-3-2,27,26.3,43.3,49.7,13,6,7,2,3,1,53.8,33.3,356,371,78.1,78.7,11,4,14,21,66.7,80.8,6,6,23,13,15,15,24,10,43,40
WC_2026-06-15_SPAIN_CABO_VERDE,2026-06-15,Spain,Cabo Verde,0,0,FIFA World Cup,4-3-3,4-1-4-1,26.2,29.3,49.6,41.7,27,6,7,1,8,2,25.9,16.7,800,278,91.8,73.7,19,4,13,18,76.5,72.0,6,15,7,46,19,9,46,10,26,79
WC_2026-06-15_BELGIUM_EGYPT,2026-06-15,Belgium,Egypt,1,1,FIFA World Cup,4-2-3-1,4-2-3-1,27.4,28.7,47.7,50.8,15,14,3,3,5,7,20.0,21.4,455,398,85.9,81.2,13,10,17,28,68.0,70.0,10,16,25,17,14,9,28,24,52,61
WC_2026-06-15_SAUDI_ARABIA_URUGUAY,2026-06-15,Saudi Arabia,Uruguay,1,1,FIFA World Cup,4-4-2,4-2-3-1,28,28.1,40.1,51.3,7,27,3,10,1,7,42.9,37.0,322,612,73.3,88.2,1,19,11,3,57.9,50.0,9,10,43,17,22,20,8,46,63,30
WC_2026-06-16_IRAN_NEW_ZEALAND,2026-06-16,Iran,New Zealand,2,2,FIFA World Cup,4-4-2,4-2-3-1,29.8,27.8,46.5,44.9,17,14,4,8,5,2,23.5,57.1,409,446,76.8,84.3,11,9,17,13,73.9,76.5,11,15,27,26,25,15,28,23,55,54
WC_2026-06-16_FRANCE_SENEGAL,2026-06-16,France,Senegal,3,1,FIFA World Cup,4-2-3-1,4-2-3-1,26.6,26.7,47.3,53.5,11,6,8,2,2,1,72.7,33.3,575,502,87.8,85.7,9,5,19,14,70.4,73.7,7,8,14,17,12,8,20,11,40,39
WC_2026-06-16_IRAQ_NORWAY,2026-06-16,Iraq,Norway,1,4,FIFA World Cup,4-4-2,4-4-2,26.5,26.3,50.1,52.6,11,12,1,5,2,3,9.1,41.7,334,537,81.1,88.8,8,9,19,15,79.2,60.0,5,2,20,22,10,17,19,21,44,39
WC_2026-06-17_ARGENTINA_ALGERIA,2026-06-17,Argentina,Algeria,3,0,FIFA World Cup,4-4-2,4-3-3,28.7,26.5,45.3,55.1,10,7,6,0,0,3,60.0,0.0,561,609,89.8,92.4,7,6,27,17,77.1,89.5,10,8,17,12,3,5,17,13,54,37
WC_2026-06-17_AUSTRIA_JORDAN,2026-06-17,Austria,Jordan,3,1,FIFA World Cup,4-2-3-1,3-4-2-1,28.2,28.1,47.5,53.4,11,11,4,4,1,2,36.4,36.4,580,332,84.0,72.6,6,9,17,15,53.1,78.9,15,12,24,39,16,9,17,20,56,66
WC_2026-06-17_PORTUGAL_DR_CONGO,2026-06-17,Portugal,DR Congo,1,1,FIFA World Cup,4-2-3-1,5-3-2,27.6,28.5,43.7,50.4,7,8,1,2,2,3,14.3,25.0,783,249,92.5,78.3,7,7,12,17,60.0,77.3,3,5,10,27,9,8,14,15,25,49
WC_2026-06-17_ENGLAND_CROATIA,2026-06-17,England,Croatia,4,2,FIFA World Cup,4-2-3-1,3-4-2-1,26.8,27.9,50.3,54.0,22,10,11,5,5,2,50.0,50.0,474,443,85.7,86.0,15,7,9,11,64.3,61.1,7,9,16,17,12,16,37,17,32,37
WC_2026-06-18_GHANA_PANAMA,2026-06-18,Ghana,Panama,1,0,FIFA World Cup,4-3-3,3-4-3,26.2,30.1,53.1,47.5,7,11,2,4,1,2,28.6,36.4,352,583,83.0,86.3,5,8,16,29,72.7,76.3,8,5,28,17,21,13,12,19,52,51
WC_2026-06-18_UZBEKISTAN_COLOMBIA,2026-06-18,Uzbekistan,Colombia,1,3,FIFA World Cup,3-4-2-1,4-3-3,27.7,29.6,59.1,44.6,8,15,2,4,2,4,25.0,26.7,319,519,76.2,85.5,5,11,10,10,66.7,66.7,7,6,24,20,10,8,13,26,41,36
WC_2026-06-18_CZECHIA_SOUTH_AFRICA,2026-06-18,Czechia,South Africa,1,1,FIFA World Cup,3-5-2,4-3-3,27.3,25.9,51.2,50.9,14,17,3,4,3,8,21.4,23.5,341,563,79.8,90.2,11,11,12,20,60.0,66.7,9,9,22,24,13,9,25,28,43,53
WC_2026-06-18_SWITZERLAND_BOSNIA_AND_HERZEGOVINA,2026-06-18,Switzerland,Bosnia and Herzegovina,4,1,FIFA World Cup,4-3-1-2,4-4-2,27.8,26,44.1,50.2,13,5,7,3,3,1,53.8,60.0,586,354,88.1,81.1,10,3,19,13,76.0,68.4,5,11,17,36,10,12,23,8,41,60
WC_2026-06-18_CANADA_QATAR,2026-06-18,Canada,Qatar,6,0,FIFA World Cup,4-4-2,4-3-3,26.5,28.9,56.4,38.0,32,2,10,0,14,1,31.2,0.0,567,162,90.8,64.2,21,1,9,16,81.8,72.7,6,10,3,61,8,7,53,3,18,87
WC_2026-06-19_MEXICO_SOUTH_KOREA,2026-06-19,Mexico,South Korea,1,0,FIFA World Cup,4-3-3,3-4-2-1,27.5,27.5,39.1,51.9,8,9,4,2,1,3,50.0,22.2,427,578,81.7,84.4,6,6,14,17,60.9,73.9,6,5,20,12,15,13,14,15,40,34
WC_2026-06-19_USA_AUSTRALIA,2026-06-19,USA,Australia,2,0,FIFA World Cup,3-5-2,5-4-1,26.4,26.9,44.4,56.9,10,5,2,2,6,0,20.0,40.0,523,310,84.9,70.6,9,3,20,13,58.8,54.2,20,6,31,24,15,27,19,8,71,43
WC_2026-06-19_SCOTLAND_MOROCCO,2026-06-19,Scotland,Morocco,0,1,FIFA World Cup,4-4-1-1,4-2-3-1,28.7,26.2,53.6,46.5,6,12,0,2,3,4,0.0,16.7,456,670,85.1,89.6,5,12,20,10,80.0,71.4,9,5,17,14,7,9,11,24,46,29
WC_2026-06-20_BRAZIL_HAITI,2026-06-20,Brazil,Haiti,3,0,FIFA World Cup,4-3-3,5-4-1,28.6,27,46.8,54.1,8,7,5,3,1,1,62.5,42.9,525,399,88.0,83.2,6,5,21,16,87.5,80.0,10,9,14,22,14,10,14,12,45,47
WC_2026-06-20_TURKIYE_PARAGUAY,2026-06-20,Turkiye,Paraguay,0,1,FIFA World Cup,4-2-3-1,4-4-2,27.2,28.5,49.5,50.6,32,7,5,2,12,2,15.6,28.6,629,178,88.9,53.9,26,5,17,25,53.1,65.8,6,9,29,48,15,20,58,12,52,82
WC_2026-06-20_NETHERLANDS_SWEDEN,2026-06-20,Netherlands,Sweden,5,1,FIFA World Cup,4-3-3,3-1-4-2,27.5,27,44.7,55.7,10,16,7,8,1,3,70.0,50.0,449,425,88.6,84.9,9,15,15,18,68.2,85.7,8,5,24,14,14,13,19,31,47,37
WC_2026-06-20_GERMANY_IVORY_COAST,2026-06-20,Germany,Ivory Coast,2,1,FIFA World Cup,4-2-3-1,4-1-4-1,27.7,25.4,50.6,52.7,16,9,7,2,4,5,43.8,22.2,624,431,88.9,85.2,14,6,26,20,56.5,76.9,8,13,14,26,10,10,30,15,48,59
WC_2026-06-21_ECUADOR_CURACAO,2026-06-21,Ecuador,Curacao,0,0,FIFA World Cup,3-1-4-2,5-4-1,25.6,27.5,46.3,44.5,27,10,15,3,2,3,55.6,30.0,644,227,90.2,70.0,23,9,19,17,67.9,68.0,7,8,17,32,15,19,50,19,43,57
WC_2026-06-21_TUNISIA_JAPAN,2026-06-21,Tunisia,Japan,0,4,FIFA World Cup,3-4-2-1,3-4-2-1,26.3,27.1,51.2,49.6,2,11,0,5,1,3,0.0,45.5,353,582,80.5,89.5,1,9,18,18,81.8,90.0,14,6,23,25,4,14,3,20,55,49
WC_2026-06-21_SPAIN_SAUDI_ARABIA,2026-06-21,Spain,Saudi Arabia,4,0,FIFA World Cup,4-3-3,5-4-1,26.3,28,49.5,56.2,22,3,8,1,2,1,36.4,33.3,726,364,92.0,80.8,15,1,10,15,55.6,68.2,13,13,17,35,11,4,37,4,40,63
WC_2026-06-21_BELGIUM_IRAN,2026-06-21,Belgium,Iran,0,0,FIFA World Cup,4-2-3-1,5-4-1,27.5,29.8,49.7,63.3,23,7,7,3,6,1,30.4,42.9,621,270,85.8,73.3,16,6,12,19,85.7,57.6,3,12,11,51,18,17,39,13,26,82
WC_2026-06-22_URUGUAY_CABO_VERDE,2026-06-22,Uruguay,Cabo Verde,2,2,FIFA World Cup,4-1-4-1,4-1-4-1,28.1,29.3,51.0,54.1,17,12,2,4,7,4,11.8,33.3,511,278,82.2,73.7,12,6,16,16,57.1,69.6,7,13,11,48,20,16,29,18,34,77
WC_2026-06-22_NEW_ZEALAND_EGYPT,2026-06-22,New Zealand,Egypt,1,3,FIFA World Cup,4-2-3-1,4-2-3-1,27.8,28.7,50.7,46.1,11,19,5,7,3,6,45.5,36.8,421,526,80.0,87.5,8,16,12,16,63.2,69.6,4,6,22,37,16,20,19,35,38,59
WC_2026-06-22_ARGENTINA_AUSTRIA,2026-06-22,Argentina,Austria,2,0,FIFA World Cup,4-4-2,4-2-3-1,28.7,28.2,51.8,55.9,12,6,5,1,3,0,41.7,16.7,554,468,89.2,85.7,6,5,21,12,77.8,66.7,8,9,35,15,11,16,18,11,64,36
WC_2026-06-22_FRANCE_IRAQ,2026-06-22,France,Iraq,3,0,FIFA World Cup,4-2-3-1,4-1-4-1,26.6,26.5,46.7,50.3,19,4,5,0,4,1,26.3,0.0,603,481,89.6,85.9,12,4,14,16,70.0,57.1,5,10,9,28,10,8,31,8,28,54
WC_2026-06-23_NORWAY_SENEGAL,2026-06-23,Norway,Senegal,3,2,FIFA World Cup,4-3-3,4-2-3-1,26.3,26.7,45.4,53.7,13,16,7,4,3,5,53.8,25.0,353,489,79.9,87.9,9,13,10,16,47.6,76.2,8,10,26,18,20,17,22,29,44,44
WC_2026-06-23_JORDAN_ALGERIA,2026-06-23,Jordan,Algeria,1,2,FIFA World Cup,3-4-2-1,4-2-3-1,28.1,26.5,52.3,45.7,8,17,4,8,0,5,50.0,47.1,251,641,72.1,87.5,6,15,30,25,68.2,78.1,3,11,36,15,18,16,14,32,69,51
WC_2026-06-23_PORTUGAL_UZBEKISTAN,2026-06-23,Portugal,Uzbekistan,5,0,FIFA World Cup,4-2-3-1,3-4-2-1,27.6,27.8,53.1,54.8,17,7,9,2,3,3,52.9,28.6,624,327,89.9,80.1,9,7,14,18,63.6,56.2,6,14,16,30,11,6,26,14,36,62
WC_2026-06-23_ENGLAND_GHANA,2026-06-23,England,Ghana,0,0,FIFA World Cup,4-2-3-1,4-1-4-1,26.8,26.5,47.8,48.0,19,2,3,1,6,1,15.8,50.0,633,172,92.6,73.8,14,1,14,22,77.8,75.9,1,8,6,39,18,8,33,3,21,69
WC_2026-06-24_PANAMA_CROATIA,2026-06-24,Panama,Croatia,0,1,FIFA World Cup,5-4-1,4-2-3-1,30.1,27.9,49.2,43.9,8,6,1,2,2,1,12.5,33.3,352,512,78.7,84.4,5,4,10,19,47.6,63.3,5,5,29,38,26,15,13,10,44,62
WC_2026-06-24_COLOMBIA_DR_CONGO,2026-06-24,Colombia,DR Congo,1,0,FIFA World Cup,4-3-3,5-3-2,29.6,28.6,43.7,53.2,20,7,9,1,6,2,45.0,14.3,541,299,87.4,75.6,14,7,10,15,100.0,83.3,10,7,18,19,19,9,34,14,38,41
WC_2026-06-24_BOSNIA_AND_HERZEGOVINA_QATAR,2026-06-24,Bosnia and Herzegovina,Qatar,3,1,FIFA World Cup,4-4-2,4-3-3,26.2,29,45.5,53.1,14,9,5,3,5,0,35.7,33.3,517,434,87.6,85.3,11,10,10,12,76.9,54.5,4,4,21,24,10,4,25,19,35,40
WC_2026-06-24_SWITZERLAND_CANADA,2026-06-24,Switzerland,Canada,2,1,FIFA World Cup,4-2-3-1,4-4-2,27.8,26.6,41.2,56.7,6,13,4,7,1,3,66.7,53.8,441,339,83.2,79.9,4,12,15,9,75.0,64.3,5,13,43,19,16,12,10,25,63,41
WC_2026-06-24_SCOTLAND_BRAZIL,2026-06-24,Scotland,Brazil,0,3,FIFA World Cup,4-2-3-1,4-3-3,28.7,28.9,45.4,53.0,14,21,5,9,3,5,35.7,42.9,500,605,90.0,93.2,10,18,12,14,52.2,87.5,2,13,13,24,5,14,24,39,27,51
WC_2026-06-24_MOROCCO_HAITI,2026-06-24,Morocco,Haiti,4,2,FIFA World Cup,4-2-3-1,4-4-1-1,26.2,27,44.6,46.7,22,9,11,2,5,3,50.0,22.2,541,247,88.2,80.2,15,5,20,25,64.5,61.0,8,16,14,26,12,10,37,14,42,67
WC_2026-06-25_SOUTH_AFRICA_SOUTH_KOREA,2026-06-25,South Africa,South Korea,1,0,FIFA World Cup,4-2-3-1,3-4-2-1,25.8,27.5,43.0,53.4,13,8,4,3,4,1,30.8,37.5,340,719,81.5,89.2,10,7,11,12,64.7,66.7,15,4,40,16,16,20,23,15,66,32
WC_2026-06-25_CZECHIA_MEXICO,2026-06-25,Czechia,Mexico,0,3,FIFA World Cup,3-4-2-1,4-3-3,27.3,27.5,49.2,47.0,13,11,1,5,4,2,7.7,45.5,398,386,83.7,85.5,5,10,12,12,75.0,70.6,5,7,20,30,13,9,18,21,37,49
WC_2026-06-25_ECUADOR_GERMANY,2026-06-25,Ecuador,Germany,2,1,FIFA World Cup,4-4-2,3-4-2-1,25.7,28,47.6,51.3,7,11,3,3,2,5,42.9,27.3,378,592,82.5,87.3,7,9,26,20,78.8,69.0,12,4,30,15,9,11,14,20,68,39
WC_2026-06-25_CURACAO_IVORY_COAST,2026-06-25,Curacao,Ivory Coast,0,2,FIFA World Cup,5-4-1,4-2-3-1,27.5,25.4,52.7,45.8,11,7,2,3,2,1,18.2,42.9,355,624,83.1,89.4,9,6,17,16,68.0,57.1,15,12,17,19,10,7,20,13,49,47
WC_2026-06-26_TUNISIA_NETHERLANDS,2026-06-26,Tunisia,Netherlands,1,3,FIFA World Cup,5-4-1,4-3-3,26.7,27.4,46.8,49.4,10,20,4,7,1,5,40.0,35.0,258,647,77.1,93.0,7,15,17,8,77.3,80.0,8,10,35,17,9,13,17,35,60,35
WC_2026-06-26_JAPAN_SWEDEN,2026-06-26,Japan,Sweden,1,1,FIFA World Cup,3-4-2-1,3-4-3,27,27.1,46.0,49.9,8,11,3,5,2,3,37.5,45.5,445,395,84.9,79.0,8,8,13,7,76.5,53.8,4,5,40,21,17,15,16,19,57,33
WC_2026-06-26_PARAGUAY_AUSTRALIA,2026-06-26,Paraguay,Australia,0,0,FIFA World Cup,5-3-2,3-4-2-1,28.4,26.7,56.1,46.8,7,12,2,5,1,3,28.6,41.7,426,537,77.5,81.6,5,11,24,20,68.6,80.0,8,7,24,10,20,25,12,23,56,37
WC_2026-06-26_TURKIYE_USA,2026-06-26,Turkiye,USA,3,2,FIFA World Cup,3-4-2-1,4-3-3,27.2,26.3,56.8,50.3,9,18,3,7,2,5,33.3,38.9,434,471,77.2,84.5,7,14,32,14,82.1,60.9,9,9,24,27,12,12,16,32,65,50
WC_2026-06-26_SENEGAL_IRAQ,2026-06-26,Senegal,Iraq,5,0,FIFA World Cup,4-3-3,4-2-3-1,26.4,26.5,62.9,49.2,28,6,12,1,5,4,42.9,16.7,590,266,87.6,69.2,24,3,12,20,60.0,71.4,2,7,10,34,19,12,52,9,24,61
WC_2026-06-26_NORWAY_FRANCE,2026-06-26,Norway,France,1,4,FIFA World Cup,4-3-3,4-2-3-1,26.3,26.6,54.5,50.0,10,18,4,9,3,3,40.0,50.0,421,555,81.5,86.5,7,16,17,17,70.8,70.8,13,11,16,19,7,14,17,34,46,47
WC_2026-06-27_CABO_VERDE_SAUDI_ARABIA,2026-06-27,Cabo Verde,Saudi Arabia,0,0,FIFA World Cup,4-1-4-1,4-4-2,29.8,28,50.6,53.9,15,7,2,3,5,3,13.3,42.9,451,444,84.5,80.9,12,5,15,29,71.4,74.4,13,11,29,25,18,11,27,12,57,65
WC_2026-06-27_URUGUAY_SPAIN,2026-06-27,Uruguay,Spain,0,1,FIFA World Cup,4-1-4-1,4-2-3-1,28.3,26.3,57.9,47.0,5,6,1,1,1,1,20.0,16.7,301,622,75.7,88.9,5,6,25,17,73.5,70.8,14,9,14,23,5,16,10,12,53,49
WC_2026-06-27_EGYPT_IRAN,2026-06-27,Egypt,Iran,1,1,FIFA World Cup,4-2-3-1,5-4-1,28.8,29.8,50.4,53.3,15,13,3,4,6,3,20.0,30.8,589,367,87.1,76.6,10,7,17,22,68.0,68.8,7,8,38,32,23,31,25,20,62,62
WC_2026-06-27_NEW_ZEALAND_BELGIUM,2026-06-27,New Zealand,Belgium,1,5,FIFA World Cup,4-2-3-1,4-2-3-1,27.8,27.6,57.2,45.8,6,35,2,10,1,12,33.3,28.6,436,525,84.6,88.0,3,28,10,13,58.8,61.9,6,10,35,27,7,8,9,63,51,50
WC_2026-06-27_PANAMA_ENGLAND,2026-06-27,Panama,England,0,2,FIFA World Cup,5-4-1,4-1-4-1,30.1,26.8,51.3,45.4,13,17,2,6,3,3,15.4,35.3,267,557,75.3,88.3,9,12,16,18,61.5,75.0,6,5,36,21,11,17,22,29,58,44
WC_2026-06-27_CROATIA_GHANA,2026-06-27,Croatia,Ghana,2,1,FIFA World Cup,4-2-3-1,4-1-4-1,27.9,26.5,46.2,41.3,8,6,4,1,2,2,50.0,16.7,523,455,91.4,88.4,8,6,14,13,70.0,68.4,4,10,23,10,7,8,16,12,41,33
WC_2026-06-28_ALGERIA_AUSTRIA,2026-06-28,Algeria,Austria,3,3,FIFA World Cup,4-2-3-1,4-2-3-1,26.5,28.2,56.7,45.0,12,10,5,3,2,1,41.7,30.0,755,396,93.5,87.4,10,6,12,10,92.3,45.5,3,10,17,19,4,9,22,16,32,39
WC_2026-06-28_JORDAN_ARGENTINA,2026-06-28,Jordan,Argentina,1,3,FIFA World Cup,3-4-2-1,4-4-2,28.1,28.7,51.2,48.7,5,12,1,4,2,1,20.0,33.3,285,800,80.0,92.0,3,6,16,14,84.2,60.9,19,12,13,11,2,3,8,18,48,37
WC_2026-06-28_DR_CONGO_UZBEKISTAN,2026-06-28,DR Congo,Uzbekistan,3,1,FIFA World Cup,4-4-2,3-4-2-1,28.6,27.8,50.9,59.0,19,3,4,1,1,0,21.1,33.3,485,355,82.5,75.8,14,2,20,29,80.0,72.5,7,12,25,38,12,23,33,5,52,79
WC_2026-06-28_COLOMBIA_PORTUGAL,2026-06-28,Colombia,Portugal,0,0,FIFA World Cup,4-3-3,4-2-3-1,29.7,27.6,49.8,47.4,24,13,6,2,7,4,25.0,15.4,544,446,89.2,90.8,20,8,15,9,65.2,69.2,6,13,16,22,5,8,44,21,37,44
WC_2026-06-28_SOUTH_AFRICA_CANADA,2026-06-28,South Africa,Canada,0,1,FIFA World Cup,4-2-3-1,4-4-2,26,26.7,50.0,50.6,6,12,1,7,1,0,16.7,58.3,554,379,84.1,78.6,5,10,22,20,75.9,62.5,15,8,33,16,10,22,11,22,70,44
WC_2026-06-29_BRAZIL_JAPAN,2026-06-29,Brazil,Japan,2,1,FIFA World Cup,4-3-3,3-4-2-1,28.9,27,48.8,48.8,19,5,7,2,6,2,36.8,40.0,682,313,91.6,83.1,17,3,12,10,70.6,62.5,9,6,19,45,13,15,36,8,40,61
WC_2026-06-29_GERMANY_PARAGUAY,2026-06-29,Germany,Paraguay,1,1,FIFA World Cup,4-4-2,4-4-2,27.8,28.8,61.2,69.7,21,7,6,3,8,2,28.6,42.9,805,255,90.1,62.7,10,5,13,33,61.9,68.8,4,13,23,55,21,19,31,12,40,101
WC_2026-06-30_NETHERLANDS_MOROCCO,2026-06-30,Netherlands,Morocco,1,1,FIFA World Cup,3-4-2-1,4-2-3-1,27.4,26.2,53.5,75.6,6,11,2,5,3,2,33.3,45.5,371,879,78.7,91.1,4,10,19,19,70.4,90.5,11,11,22,34,18,12,10,21,52,64
WC_2026-06-30_IVORY_COAST_NORWAY,2026-06-30,Ivory Coast,Norway,1,2,FIFA World Cup,4-1-4-1,4-3-3,25.4,26.3,48.0,47.4,14,9,5,4,0,3,35.7,44.4,401,474,84.5,87.6,9,8,24,19,88.9,73.1,4,5,11,37,12,16,23,17,39,61
WC_2026-06-30_FRANCE_SWEDEN,2026-06-30,France,Sweden,3,0,FIFA World Cup,4-2-3-1,4-4-2,26.7,27.2,46.1,57.5,25,8,12,3,4,1,48.0,37.5,551,350,87.8,79.4,21,5,13,13,65.0,54.2,5,12,23,26,13,7,46,13,41,51
WC_2026-07-01_MEXICO_ECUADOR,2026-07-01,Mexico,Ecuador,2,0,FIFA World Cup,4-3-3,4-4-2,27.5,25.7,41.1,55.5,15,7,3,1,3,1,20.0,14.3,316,410,78.5,83.2,14,6,10,11,55.6,64.7,7,6,39,19,23,15,29,13,56,36
WC_2026-07-01_ENGLAND_DR_CONGO,2026-07-01,England,DR Congo,2,1,FIFA World Cup,4-2-3-1,4-3-3,26.9,28.6,50.2,47.7,16,7,7,2,3,2,43.8,28.6,517,365,90.5,81.9,14,4,11,20,64.7,74.1,7,3,23,36,14,9,30,11,41,59
WC_2026-07-01_BELGIUM_SENEGAL,2026-07-01,Belgium,Senegal,2,2,FIFA World Cup,4-2-3-1,4-3-3,27.4,26.4,67.3,65.2,19,19,5,5,5,3,26.3,26.3,701,639,85.9,83.9,15,13,12,12,57.1,52.2,8,11,28,31,28,15,34,32,48,54
WC_2026-07-02_USA_BOSNIA_AND_HERZEGOVINA,2026-07-02,USA,Bosnia and Herzegovina,2,0,FIFA World Cup,4-3-3,5-3-2,26.3,26,42.7,64.5,8,10,2,3,2,3,25.0,30.0,415,447,84.1,81.7,5,6,12,15,80.0,62.5,7,7,28,26,13,8,13,16,47,48
WC_2026-07-02_SPAIN_AUSTRIA,2026-07-02,Spain,Austria,3,0,FIFA World Cup,4-2-3-1,4-2-3-1,26.3,28.2,49.9,50.7,23,5,10,0,7,1,43.5,0.0,629,347,90.6,82.1,21,4,19,16,79.2,69.6,6,6,15,21,12,3,44,9,40,43
WC_2026-07-03_PORTUGAL_CROATIA,2026-07-03,Portugal,Croatia,2,1,FIFA World Cup,4-2-3-1,4-2-3-1,27.6,27.9,48.4,58.4,15,13,3,6,4,2,20.0,46.2,585,370,91.1,84.3,9,10,19,22,76.0,64.7,5,10,19,19,12,8,24,23,43,51
WC_2026-07-03_SWITZERLAND_ALGERIA,2026-07-03,Switzerland,Algeria,2,0,FIFA World Cup,4-2-3-1,4-3-3,28,26.6,49.8,45.0,11,8,5,2,2,3,45.5,25.0,438,563,81.1,84.9,8,8,20,21,64.5,61.8,17,10,23,14,15,11,19,16,60,45
WC_2026-07-03_AUSTRALIA_EGYPT,2026-07-03,Australia,Egypt,1,1,FIFA World Cup,3-4-2-1,4-4-2,26.8,28.8,63.9,66.7,16,14,1,3,9,6,6.2,21.4,505,722,79.8,84.9,10,11,10,15,52.6,57.7,9,8,31,37,30,27,26,25,50,60
WC_2026-07-03_ARGENTINA_CABO_VERDE,2026-07-03,Argentina,Cabo Verde,1,1,FIFA World Cup,4-4-2,4-1-4-1,28.8,29.4,59.7,67.5,22,16,10,5,7,6,45.5,31.2,850,476,91.6,85.9,11,11,22,19,64.7,65.5,9,9,24,26,14,12,33,27,55,54
WC_2026-07-04_COLOMBIA_GHANA,2026-07-04,Colombia,Ghana,1,0,FIFA World Cup,4-3-3,4-1-4-1,29.7,26.6,48.1,58.4,20,8,8,0,4,5,40.0,0.0,586,376,90.8,83.0,15,5,12,13,66.7,72.2,5,5,24,11,8,4,35,13,41,29
WC_2026-07-04_CANADA_MOROCCO,2026-07-04,Canada,Morocco,0,3,FIFA World Cup,4-4-2,4-2-3-1,26.7,26.2,57.7,43.3,10,5,3,4,3,0,30.0,80.0,359,473,75.8,82.0,8,5,18,13,75.0,72.2,5,9,10,47,17,19,18,10,33,69
WC_2026-07-04_PARAGUAY_FRANCE,2026-07-04,Paraguay,France,0,1,FIFA World Cup,5-4-1,4-2-3-1,28.6,26.7,53.9,46.2,5,15,0,5,1,4,0.0,33.3,183,569,53.6,89.6,3,13,29,13,65.9,76.5,14,10,21,27,6,17,8,28,64,50
